<assembly>
  <id>app</id>
  <formats>
    <format>jar</format>
  </formats>
  <includeBaseDirectory>false</includeBaseDirectory>
  <dependencySets>
    <dependencySet>
      <outputDirectory></outputDirectory>
      <outputFileNameMapping></outputFileNameMapping>
      <unpack>true</unpack>
      <scope>runtime</scope>
      <includes>
        <include>commons-lang:commons-lang</include>
        <include>commons-cli:commons-cli</include>
      </includes>
    </dependencySet>
  </dependencySets>
  <fileSets>
    <fileSet>
      <directory>target/classes</directory>
      <outputDirectory></outputDirectory>
    </fileSet>
  </fileSets>
</assembly>